Report,Measure,state,Rank,Data Year(s)
2025 Annual,Asthma,AK,23,2024
2025 Annual,Asthma,AL,26,2024
2025 Annual,Asthma,AR,30,2024
2025 Annual,Asthma,AZ,30,2024
2025 Annual,Asthma,CA,1,2024
2025 Annual,Asthma,CO,37,2024
2025 Annual,Asthma,CT,37,2024
2025 Annual,Asthma,DE,26,2024
2025 Annual,Asthma,FL,5,2024
2025 Annual,Asthma,GA,16,2024
2025 Annual,Asthma,HI,10,2024
2025 Annual,Asthma,IA,9,2024
2025 Annual,Asthma,ID,14,2024
2025 Annual,Asthma,IL,19,2024
2025 Annual,Asthma,IN,29,2024
2025 Annual,Asthma,KS,33,2024
2025 Annual,Asthma,KY,44,2024
2025 Annual,Asthma,LA,17,2024
2025 Annual,Asthma,MA,35,2024
2025 Annual,Asthma,MD,17,2024
2025 Annual,Asthma,ME,47,2024
2025 Annual,Asthma,MI,44,2024
2025 Annual,Asthma,MN,7,2024
2025 Annual,Asthma,MO,20,2024
2025 Annual,Asthma,MS,5,2024
2025 Annual,Asthma,MT,42,2024
2025 Annual,Asthma,NC,7,2024
2025 Annual,Asthma,ND,12,2024
2025 Annual,Asthma,NE,10,2024
2025 Annual,Asthma,NH,46,2024
2025 Annual,Asthma,NJ,15,2024
2025 Annual,Asthma,NM,22,2024
2025 Annual,Asthma,NV,3,2024
2025 Annual,Asthma,NY,23,2024
2025 Annual,Asthma,OH,35,2024
2025 Annual,Asthma,OK,43,2024
2025 Annual,Asthma,OR,49,2024
2025 Annual,Asthma,PA,39,2024
2025 Annual,Asthma,RI,40,2024
2025 Annual,Asthma,SC,12,2024
2025 Annual,Asthma,SD,4,2024
2025 Annual,Asthma,TX,2,2024
2025 Annual,Asthma,UT,34,2024
2025 Annual,Asthma,VA,25,2024
2025 Annual,Asthma,VT,40,2024
2025 Annual,Asthma,WA,26,2024
2025 Annual,Asthma,WI,32,2024
2025 Annual,Asthma,WV,48,2024
2025 Annual,Asthma,WY,20,2024
2025 Annual,Cancer,AK,4,2024
2025 Annual,Cancer,AL,25,2024
2025 Annual,Cancer,AR,25,2024
2025 Annual,Cancer,AZ,34,2024
2025 Annual,Cancer,CA,2,2024
2025 Annual,Cancer,CO,21,2024
2025 Annual,Cancer,CT,16,2024
2025 Annual,Cancer,DE,46,2024
2025 Annual,Cancer,FL,47,2024
2025 Annual,Cancer,GA,10,2024
2025 Annual,Cancer,HI,1,2024
2025 Annual,Cancer,IA,27,2024
2025 Annual,Cancer,ID,21,2024
2025 Annual,Cancer,IL,12,2024
2025 Annual,Cancer,IN,30,2024
2025 Annual,Cancer,KS,19,2024
2025 Annual,Cancer,KY,37,2024
2025 Annual,Cancer,LA,17,2024
2025 Annual,Cancer,MA,31,2024
2025 Annual,Cancer,MD,10,2024
2025 Annual,Cancer,ME,48,2024
2025 Annual,Cancer,MI,37,2024
2025 Annual,Cancer,MN,32,2024
2025 Annual,Cancer,MO,17,2024
2025 Annual,Cancer,MS,8,2024
2025 Annual,Cancer,MT,45,2024
2025 Annual,Cancer,NC,5,2024
2025 Annual,Cancer,ND,21,2024
2025 Annual,Cancer,NE,15,2024
2025 Annual,Cancer,NH,40,2024
2025 Annual,Cancer,NJ,12,2024
2025 Annual,Cancer,NM,5,2024
2025 Annual,Cancer,NV,5,2024
2025 Annual,Cancer,NY,8,2024
2025 Annual,Cancer,OH,44,2024
2025 Annual,Cancer,OK,19,2024
2025 Annual,Cancer,OR,48,2024
2025 Annual,Cancer,PA,27,2024
2025 Annual,Cancer,RI,32,2024
2025 Annual,Cancer,SC,34,2024
2025 Annual,Cancer,SD,40,2024
2025 Annual,Cancer,TX,2,2024
2025 Annual,Cancer,UT,14,2024
2025 Annual,Cancer,VA,36,2024
2025 Annual,Cancer,VT,40,2024
2025 Annual,Cancer,WA,21,2024
2025 Annual,Cancer,WI,27,2024
2025 Annual,Cancer,WV,39,2024
2025 Annual,Cancer,WY,40,2024
2025 Annual,Cardiovascular Diseases,AK,11,2024
2025 Annual,Cardiovascular Diseases,AL,45,2024
2025 Annual,Cardiovascular Diseases,AR,47,2024
2025 Annual,Cardiovascular Diseases,AZ,29,2024
2025 Annual,Cardiovascular Diseases,CA,3,2024
2025 Annual,Cardiovascular Diseases,CO,3,2024
2025 Annual,Cardiovascular Diseases,CT,17,2024
2025 Annual,Cardiovascular Diseases,DE,39,2024
2025 Annual,Cardiovascular Diseases,FL,33,2024
2025 Annual,Cardiovascular Diseases,GA,29,2024
2025 Annual,Cardiovascular Diseases,HI,17,2024
2025 Annual,Cardiovascular Diseases,IA,22,2024
2025 Annual,Cardiovascular Diseases,ID,2,2024
2025 Annual,Cardiovascular Diseases,IL,9,2024
2025 Annual,Cardiovascular Diseases,IN,38,2024
2025 Annual,Cardiovascular Diseases,KS,27,2024
2025 Annual,Cardiovascular Diseases,KY,48,2024
2025 Annual,Cardiovascular Diseases,LA,46,2024
2025 Annual,Cardiovascular Diseases,MA,6,2024
2025 Annual,Cardiovascular Diseases,MD,7,2024
2025 Annual,Cardiovascular Diseases,ME,40,2024
2025 Annual,Cardiovascular Diseases,MI,36,2024
2025 Annual,Cardiovascular Diseases,MN,17,2024
2025 Annual,Cardiovascular Diseases,MO,40,2024
2025 Annual,Cardiovascular Diseases,MS,44,2024
2025 Annual,Cardiovascular Diseases,MT,21,2024
2025 Annual,Cardiovascular Diseases,NC,25,2024
2025 Annual,Cardiovascular Diseases,ND,17,2024
2025 Annual,Cardiovascular Diseases,NE,22,2024
2025 Annual,Cardiovascular Diseases,NH,11,2024
2025 Annual,Cardiovascular Diseases,NJ,11,2024
2025 Annual,Cardiovascular Diseases,NM,11,2024
2025 Annual,Cardiovascular Diseases,NV,34,2024
2025 Annual,Cardiovascular Diseases,NY,9,2024
2025 Annual,Cardiovascular Diseases,OH,40,2024
2025 Annual,Cardiovascular Diseases,OK,43,2024
2025 Annual,Cardiovascular Diseases,OR,25,2024
2025 Annual,Cardiovascular Diseases,PA,35,2024
2025 Annual,Cardiovascular Diseases,RI,29,2024
2025 Annual,Cardiovascular Diseases,SC,36,2024
2025 Annual,Cardiovascular Diseases,SD,11,2024
2025 Annual,Cardiovascular Diseases,TX,7,2024
2025 Annual,Cardiovascular Diseases,UT,1,2024
2025 Annual,Cardiovascular Diseases,VA,24,2024
2025 Annual,Cardiovascular Diseases,VT,28,2024
2025 Annual,Cardiovascular Diseases,WA,3,2024
2025 Annual,Cardiovascular Diseases,WI,32,2024
2025 Annual,Cardiovascular Diseases,WV,49,2024
2025 Annual,Cardiovascular Diseases,WY,16,2024
